ID,CATE,size
1.png,0,62730
10.png,0,1378530
100.png,0,1097265
101.png,0,263160
102.png,0,815745
103.png,0,1850535
104.png,0,143565
105.png,0,289425
106.png,0,336600
107.png,0,358785
108.png,0,516375
109.png,0,1800045
11.png,0,81345
110.png,0,2424795
111.png,0,260865
112.png,0,208335
113.png,0,634950
114.png,0,843030
115.png,0,277950
116.png,0,206040
117.png,0,411315
118.png,0,280245
119.png,0,191250
12.png,0,126990
120.png,0,57630
121.png,0,758880
122.png,0,528870
123.png,0,944010
124.png,0,317475
125.png,0,186150
126.png,0,216240
127.png,0,373065
128.png,0,248115
129.png,0,238935
13.png,0,2266440
130.png,0,945795
131.png,0,4414305
132.png,0,534480
133.png,0,217770
134.png,0,159120
135.png,0,414630
136.png,0,529380
137.png,0,205785
138.png,0,102765
139.png,0,657645
14.png,0,196605
140.png,0,3248700
141.png,0,8571315
142.png,0,164475
143.png,0,89505
144.png,0,46410
145.png,0,323595
146.png,0,126225
147.png,0,237150
148.png,0,715530
149.png,0,578850
15.png,0,138975
150.png,0,79560
151.png,0,147135
152.png,0,3933885
153.png,0,106335
154.png,0,130560
155.png,0,2219520
156.png,0,310845
157.png,0,698190
158.png,0,2364615
159.png,0,141780
16.png,0,152745
160.png,0,166005
161.png,0,197115
162.png,0,80070
163.png,0,170340
164.png,0,2638485
165.png,0,106335
166.png,0,185895
167.png,0,163965
168.png,0,787440
169.png,0,87975
17.png,0,327675
170.png,0,793305
171.png,0,86700
172.png,0,402390
173.png,0,1701870
174.png,0,1573860
175.png,0,854250
176.png,0,234345
177.png,0,180540
178.png,0,1209975
179.png,0,80580
18.png,0,3317550
180.png,0,421515
181.png,0,1345635
182.png,0,200430
183.png,0,126735
184.png,0,2389095
185.png,0,124695
186.png,0,1310955
187.png,0,262650
188.png,0,7500570
189.png,0,153510
19.png,0,82365
190.png,0,1488690
191.png,0,274380
192.png,0,521985
193.png,0,171615
194.png,0,507960
196.png,0,572985
197.png,0,234345
198.png,0,1594515
199.png,0,3104370
2.png,0,593640
20.png,0,716805
200.png,0,2159085
201.png,0,414375
202.png,0,99960
203.png,0,1711560
204.png,0,884595
205.png,0,3879315
206.png,0,1206660
207.png,0,2072130
208.png,0,216750
209.png,0,481950
21.png,0,124185
210.png,0,1347420
211.png,0,291720
212.png,0,1424940
213.png,0,689010
214.png,0,940695
215.png,0,394740
216.png,0,970530
217.png,0,1453500
218.png,0,2109870
219.png,0,425850
22.png,0,875160
220.png,0,531420
221.png,0,148410
222.png,0,582930
223.png,0,464355
224.png,0,2096100
225.png,0,750720
226.png,0,488835
227.png,0,425340
228.png,0,1936470
229.png,0,958035
23.png,0,697170
230.png,0,776730
231.png,0,904485
232.png,0,1887255
233.png,0,2745840
234.png,0,2143785
235.png,0,1390260
236.png,0,5071185
237.png,0,1589925
238.png,0,1486905
239.png,0,391170
24.png,0,350370
240.png,0,1796730
241.png,0,758625
242.png,0,1225020
243.png,0,1747260
244.png,0,344760
245.png,0,363375
246.png,0,131835
247.png,0,247350
248.png,0,203490
249.png,0,828495
25.png,0,217260
250.png,0,409530
251.png,0,350370
252.png,0,791520
253.png,0,642600
254.png,0,92820
255.png,0,1230885
256.png,0,1602675
257.png,0,394740
258.png,0,409785
259.png,0,860625
26.png,0,2152200
260.png,0,927690
261.png,0,2043060
262.png,0,3883140
263.png,0,531420
264.png,0,1500165
265.png,0,1133985
266.png,0,732360
267.png,0,640815
268.png,0,1529235
269.png,0,757860
27.png,0,250410
270.png,0,370770
271.png,0,539580
272.png,0,1086555
273.png,0,1757205
274.png,0,2372775
275.png,0,498270
276.png,0,1945905
277.png,0,1298715
278.png,0,531165
279.png,0,765000
28.png,0,534735
280.png,0,916215
281.png,0,899130
282.png,0,835380
283.png,0,231285
284.png,0,1395105
285.png,0,1312230
286.png,0,2871300
287.png,0,1946925
288.png,0,619395
289.png,0,1712070
29.png,0,92565
290.png,0,2216715
291.png,0,200175
292.png,0,676515
293.png,0,683145
294.png,0,1262250
295.png,0,916215
296.png,0,2202690
297.png,0,498015
298.png,0,844560
299.png,0,972315
3.png,0,448545
30.png,0,236385
300.png,0,1599615
301.png,0,84405
302.png,0,256020
303.png,0,1138320
304.png,0,1826820
305.png,0,387345
306.png,0,928965
307.png,0,442680
308.png,0,272850
309.png,0,2817750
31.png,0,102765
310.png,0,1206660
311.png,0,2393940
312.png,0,2446470
313.png,0,341445
314.png,0,1096500
315.png,0,536265
316.png,0,5907330
317.png,0,1370880
318.png,0,66300
319.png,0,635205
32.png,0,2017050
320.png,0,432225
321.png,0,52020
322.png,0,193545
323.png,0,473280
324.png,0,127245
325.png,0,171105
326.png,0,1710030
327.png,0,1440240
328.png,0,101490
329.png,0,117810
33.png,0,998070
330.png,0,2294235
331.png,0,296310
332.png,0,164730
333.png,0,1850025
334.png,0,402645
335.png,0,1138065
336.png,0,659685
337.png,0,436305
338.png,0,178245
339.png,0,1669740
34.png,0,874905
340.png,0,4315620
341.png,0,2441880
342.png,0,4014465
343.png,0,1305345
344.png,0,815490
345.png,0,157590
346.png,0,2802705
347.png,0,250665
348.png,0,232050
349.png,0,297840
35.png,0,193545
350.png,0,2242470
351.png,0,453645
352.png,0,176460
353.png,0,189975
354.png,0,1494300
355.png,0,2389350
356.png,0,2480895
357.png,0,633930
358.png,0,747915
359.png,0,278970
36.png,0,1704675
360.png,0,674475
361.png,0,1320390
362.png,0,210630
363.png,0,350370
364.png,0,862665
365.png,0,523515
366.png,0,1180905
367.png,0,2158575
368.png,0,326910
369.png,0,198390
37.png,0,396780
370.png,0,2611455
371.png,0,3095955
372.png,0,1272960
373.png,0,673455
374.png,0,95115
375.png,0,1195440
376.png,0,3858405
377.png,0,365670
378.png,0,513315
379.png,0,505155
38.png,0,504135
380.png,0,281775
381.png,0,1236240
382.png,0,2257770
383.png,0,989655
384.png,0,1587375
385.png,0,878220
386.png,0,962115
387.png,0,1203090
388.png,0,307020
389.png,0,455940
39.png,0,377400
390.png,0,334305
391.png,0,2276130
392.png,0,4239885
393.png,0,4306695
394.png,0,622200
395.png,0,1980840
396.png,0,308040
397.png,0,1979055
398.png,0,3603915
399.png,0,2330955
4.png,0,167280
40.png,0,386325
400.png,0,6191145
401.png,0,1827840
402.png,0,769590
403.png,0,2330955
404.png,0,7186410
405.png,0,5118870
406.png,0,2465340
407.png,0,5981280
408.png,0,1259700
409.png,0,6115920
41.png,0,1487925
410.png,0,2023680
411.png,0,1905870
412.png,0,6693495
413.png,0,247605
414.png,0,5140545
415.png,0,7749450
416.png,0,500565
417.png,0,573495
418.png,0,561000
419.png,0,398565
42.png,0,1088850
420.png,0,2103495
421.png,0,2486760
422.png,0,3066630
423.png,0,1104405
424.png,0,353175
425.png,0,334815
426.png,0,5180325
427.png,0,474810
428.png,0,1001385
429.png,0,209610
43.png,0,144075
430.png,0,674220
431.png,0,269280
432.png,0,1301775
433.png,0,285855
434.png,0,2737425
435.png,0,337620
436.png,0,1604970
437.png,0,64515
438.png,1,5665080
439.png,1,505410
44.png,0,224400
440.png,1,1004955
441.png,1,2319735
442.png,1,2112675
443.png,1,3296130
444.png,1,2904195
445.png,1,465375
446.png,1,1198500
447.png,1,2025975
448.png,1,2642055
449.png,1,1290045
45.png,0,1153110
450.png,1,1041930
451.png,1,568140
452.png,1,3532260
453.png,1,330990
454.png,1,893520
455.png,1,3136755
456.png,1,1359150
457.png,1,897855
458.png,1,1417545
459.png,1,1936725
46.png,0,151980
460.png,1,1829625
461.png,1,470220
462.png,1,2848605
463.png,1,219300
464.png,1,3259665
465.png,1,3242580
466.png,1,3808170
467.png,1,842775
468.png,1,1165860
469.png,1,4911810
47.png,0,84150
470.png,1,6036870
471.png,1,6642240
472.png,1,1403010
473.png,1,2095080
474.png,1,820590
475.png,1,5407530
476.png,1,6294165
477.png,1,1041930
478.png,1,1200795
479.png,1,1303305
48.png,0,1227060
480.png,1,7304220
481.png,1,2002005
482.png,1,2033115
483.png,1,2750175
484.png,1,1940295
485.png,1,885105
486.png,1,5216280
487.png,1,785910
488.png,1,4327605
489.png,1,367965
49.png,0,5338680
490.png,1,3248190
491.png,1,1042185
492.png,1,186405
493.png,1,1315800
494.png,1,4382940
495.png,1,6622605
496.png,1,3857130
497.png,1,3606465
498.png,1,5901210
499.png,1,3756405
5.png,0,210885
50.png,0,477105
500.png,1,2371245
501.png,1,7089255
502.png,1,330225
503.png,1,4163130
504.png,1,3552915
505.png,1,3388950
506.png,1,3533025
507.png,1,4006050
508.png,1,6321705
509.png,1,7635465
51.png,0,208845
510.png,1,9403635
511.png,1,7053555
512.png,1,593895
513.png,1,3726825
514.png,1,3205095
515.png,1,84405
516.png,1,1323705
517.png,1,5337915
518.png,1,1520055
519.png,1,1107975
52.png,0,170595
520.png,1,1252560
521.png,1,1340280
522.png,1,4886820
523.png,1,2354670
524.png,1,813960
525.png,1,1466505
526.png,1,2133330
527.png,1,1271685
528.png,1,1786530
529.png,1,759390
53.png,0,377910
530.png,1,3521805
531.png,1,3594480
532.png,1,2280975
533.png,1,2801175
534.png,1,5191290
535.png,1,2033880
536.png,1,2214165
537.png,1,273105
538.png,1,3049800
539.png,1,1529745
54.png,0,1202070
540.png,1,653565
541.png,1,358530
542.png,1,610470
543.png,1,2171325
544.png,1,2959275
545.png,1,1714875
546.png,1,1823250
547.png,1,1340535
548.png,1,1114605
549.png,1,5709960
55.png,0,321555
550.png,1,3241560
551.png,1,1044735
552.png,1,3359370
553.png,1,2273070
554.png,1,3910680
555.png,1,1547850
556.png,1,6111585
557.png,1,5376165
558.png,1,1843395
559.png,1,5935635
56.png,0,1002660
560.png,1,349095
561.png,1,1584570
562.png,1,3698265
563.png,1,2558670
564.png,1,5466690
565.png,1,3565665
566.png,1,5195880
567.png,1,819825
568.png,1,465885
569.png,1,555135
57.png,0,226695
570.png,1,2906235
571.png,1,1009035
572.png,1,4387785
573.png,1,6417585
574.png,1,2631090
575.png,1,3674805
576.png,1,631380
577.png,1,2935050
578.png,1,1654440
579.png,1,3584790
58.png,0,554115
580.png,1,575280
581.png,1,2110380
582.png,1,1141635
583.png,1,1845180
584.png,1,1531530
585.png,1,2003280
586.png,1,4588470
587.png,1,737970
588.png,1,2903430
589.png,1,923610
59.png,0,876945
590.png,1,3359370
591.png,1,775965
592.png,1,1007250
593.png,1,960585
594.png,1,1341555
595.png,1,1451460
596.png,1,3473355
597.png,1,991440
598.png,1,1014645
599.png,1,793560
6.png,0,476340
60.png,0,120360
600.png,1,3173730
601.png,1,2076210
602.png,1,3363450
603.png,1,3916545
604.png,1,1011585
605.png,1,2732325
606.png,1,531420
607.png,1,2316930
608.png,1,2696370
609.png,1,1193910
61.png,0,717570
610.png,1,627300
611.png,1,927435
612.png,1,711960
613.png,1,4811595
614.png,1,1279590
615.png,1,831300
616.png,1,1101090
617.png,1,3962445
618.png,1,6457875
619.png,1,624750
62.png,0,3588360
620.png,1,728535
621.png,1,3615390
622.png,1,3070455
623.png,1,1863030
624.png,1,1955340
625.png,1,2691270
626.png,1,922080
627.png,1,1641690
628.png,1,1482060
629.png,1,2695605
63.png,0,163455
630.png,1,869040
631.png,1,1659795
632.png,1,3259920
633.png,1,3889770
634.png,1,2416890
635.png,1,1255875
636.png,1,3866820
637.png,1,881790
638.png,1,1746750
639.png,1,2561985
64.png,0,7498530
640.png,1,1030965
641.png,1,2411280
642.png,1,3393540
643.png,1,2483445
644.png,1,3554700
645.png,1,3032970
646.png,1,591600
647.png,1,967470
648.png,2,0
649.png,2,0
65.png,0,700230
650.png,2,0
651.png,2,0
652.png,2,0
653.png,2,0
654.png,2,0
655.png,2,0
656.png,2,0
657.png,2,0
658.png,2,0
659.png,2,0
66.png,0,521220
660.png,2,0
661.png,2,0
662.png,2,0
663.png,2,0
664.png,2,0
665.png,2,0
666.png,2,0
667.png,2,0
668.png,2,0
669.png,2,0
67.png,0,3066120
670.png,2,0
671.png,2,0
672.png,2,0
673.png,2,0
674.png,2,0
675.png,2,0
676.png,2,0
677.png,2,0
678.png,2,0
679.png,2,0
68.png,0,3307860
680.png,2,0
681.png,2,0
682.png,2,0
683.png,2,0
684.png,2,0
685.png,2,0
686.png,2,0
687.png,2,0
688.png,2,0
689.png,2,0
69.png,0,147390
690.png,2,0
691.png,2,0
692.png,2,0
693.png,2,0
694.png,2,0
695.png,2,0
696.png,2,0
697.png,2,0
698.png,2,0
699.png,2,0
7.png,0,102255
70.png,0,173655
700.png,2,0
701.png,2,0
702.png,2,0
703.png,2,0
704.png,2,0
705.png,2,0
706.png,2,0
707.png,2,0
708.png,2,0
709.png,2,0
71.png,0,149430
710.png,2,0
711.png,2,0
712.png,2,0
713.png,2,0
714.png,2,0
715.png,2,0
716.png,2,0
717.png,2,0
718.png,2,0
719.png,2,0
72.png,0,1337475
720.png,2,0
721.png,2,0
722.png,2,0
723.png,2,0
724.png,2,0
725.png,2,0
726.png,2,0
727.png,2,0
728.png,2,0
729.png,2,0
73.png,0,3928275
730.png,2,0
731.png,2,0
732.png,2,0
733.png,2,0
734.png,2,0
735.png,2,0
736.png,2,0
737.png,2,0
738.png,2,0
739.png,2,0
74.png,0,134130
740.png,2,0
741.png,2,0
742.png,2,0
743.png,2,0
744.png,2,0
745.png,2,0
746.png,2,0
747.png,2,0
748.png,2,0
749.png,2,0
75.png,0,598740
750.png,2,0
751.png,2,0
752.png,2,0
753.png,2,0
754.png,2,0
755.png,2,0
756.png,2,0
757.png,2,0
758.png,2,0
759.png,2,0
76.png,0,296820
760.png,2,0
761.png,2,0
762.png,2,0
763.png,2,0
764.png,2,0
765.png,2,0
766.png,2,0
767.png,2,0
768.png,2,0
769.png,2,0
77.png,0,669375
770.png,2,0
771.png,2,0
772.png,2,0
773.png,2,0
774.png,2,0
775.png,2,0
776.png,2,0
777.png,2,0
778.png,2,0
779.png,2,0
78.png,0,216495
780.png,2,0
79.png,0,799935
8.png,0,182835
80.png,0,3826020
81.png,0,256020
82.png,0,804015
83.png,0,282540
84.png,0,1760775
85.png,0,1795455
86.png,0,113220
87.png,0,336600
88.png,0,1327530
89.png,0,261630
9.png,0,1850280
90.png,0,122910
91.png,0,100980
92.png,0,1065645
93.png,0,630870
94.png,0,388110
95.png,0,221595
96.png,0,2302650
97.png,0,2901390
98.png,0,5300175
99.png,0,712725
